Coin,Price,24h Change,Market Cap,Timestamp
CoinMarketCap 20 Index DTF,$162.97,0.12%,$5.87M,2026-09-05 10:17:29
Bitcoin,"$79,546.72",0.11%,$1.59T,2026-09-05 10:17:29
Ethereum,"$2,451.06",0.17%,$299.13B,2026-09-05 10:17:29
Tether,$1.00,0.01%,$183.42B,2026-09-05 10:17:29
BNB,$722.07,0.21%,$96.15B,2026-09-05 10:17:29
XRP,$1.39,0.16%,$87.7B,2026-09-05 10:17:29
USDC,$0.9998,0.01%,$74.59B,2026-09-05 10:17:29
Solana,$101.89,0.08%,$59.64B,2026-09-05 10:17:29
TRON,$0.3317,0.04%,$31.49B,2026-09-05 10:17:29
Hyperliquid,$83.94,0.13%,$21.11B,2026-09-05 10:17:29
CoinMarketCap 20 Index DTF,$163.10,0.07%,$5.88M,2026-09-05 11:32:22
Bitcoin,"$79,585.22",0.03%,$1.59T,2026-09-05 11:32:22
Ethereum,"$2,451.76",0.04%,$299.09B,2026-09-05 11:32:22
Tether,$1.00,0.00%,$183.41B,2026-09-05 11:32:22
BNB,$722.40,0.05%,$96.15B,2026-09-05 11:32:22
XRP,$1.39,0.07%,$87.72B,2026-09-05 11:32:22
USDC,$0.9998,0.00%,$74.6B,2026-09-05 11:32:22
Solana,$101.79,0.00%,$59.58B,2026-09-05 11:32:22
TRON,$0.3319,0.03%,$31.51B,2026-09-05 11:32:22
Hyperliquid,$84.01,0.16%,$21.13B,2026-09-05 11:32:22
CoinMarketCap 20 Index DTF,$163.09,0.11%,$5.88M,2026-09-05 11:36:22
Bitcoin,"$79,592.34",0.05%,$1.59T,2026-09-05 11:36:22
Ethereum,"$2,451.68",0.05%,$299.09B,2026-09-05 11:36:22
Tether,$1.00,0.00%,$183.41B,2026-09-05 11:36:22
BNB,$722.50,0.14%,$96.21B,2026-09-05 11:36:22
XRP,$1.39,0.07%,$87.72B,2026-09-05 11:36:22
USDC,$0.9998,0.00%,$74.6B,2026-09-05 11:36:22
Solana,$101.79,0.00%,$59.58B,2026-09-05 11:36:22
TRON,$0.3319,0.03%,$31.51B,2026-09-05 11:36:22
Hyperliquid,$84.01,0.16%,$21.13B,2026-09-05 11:36:22
CoinMarketCap 20 Index DTF,$163.17,0.10%,$5.88M,2026-09-05 12:03:55
Bitcoin,"$79,654.67",0.08%,$1.59T,2026-09-05 12:03:55
Ethereum,"$2,452.14",0.06%,$299.21B,2026-09-05 12:03:55
Tether,$1.00,0.00%,$183.41B,2026-09-05 12:03:55
BNB,$723.02,0.07%,$96.27B,2026-09-05 12:03:55
XRP,$1.40,0.19%,$87.89B,2026-09-05 12:03:55
USDC,$0.9998,0.00%,$74.6B,2026-09-05 12:03:55
Solana,$101.96,0.19%,$59.68B,2026-09-05 12:03:55
TRON,$0.3320,0.04%,$31.51B,2026-09-05 12:03:55
Hyperliquid,$84.04,0.17%,$21.13B,2026-09-05 12:03:55
CoinMarketCap 20 Index DTF,$163.27,0.16%,$5.89M,2026-09-05 12:16:20
Bitcoin,"$79,714.85",0.15%,$1.59T,2026-09-05 12:16:20
Ethereum,"$2,454.92",0.18%,$299.29B,2026-09-05 12:16:20
Tether,$1.00,0.00%,$183.42B,2026-09-05 12:16:20
BNB,$724.40,0.22%,$96.46B,2026-09-05 12:16:20
XRP,$1.40,0.26%,$87.99B,2026-09-05 12:16:20
USDC,$0.9998,0.00%,$74.6B,2026-09-05 12:16:20
Solana,$102.05,0.22%,$59.73B,2026-09-05 12:16:20
TRON,$0.3320,0.08%,$31.52B,2026-09-05 12:16:20
Hyperliquid,$84.06,0.01%,$21.14B,2026-09-05 12:16:20
CoinMarketCap 20 Index DTF,$161.14,0.56%,$5.64M,2026-09-08 19:35:32
Bitcoin,"$77,928.11",0.61%,$1.56T,2026-09-08 19:35:32
Ethereum,"$2,457.99",0.56%,$300.37B,2026-09-08 19:35:32
Tether,$0.9995,0.01%,$183.36B,2026-09-08 19:35:32
BNB,$746.64,0.69%,$99.42B,2026-09-08 19:35:32
XRP,$1.40,0.26%,$88.05B,2026-09-08 19:35:32
USDC,$0.9998,0.02%,$74.25B,2026-09-08 19:35:32
Solana,$102.11,1.00%,$59.85B,2026-09-08 19:35:32
TRON,$0.3386,0.07%,$32.15B,2026-09-08 19:35:32
Hyperliquid,$82.56,1.10%,$20.79B,2026-09-08 19:35:32
